"scenario_id","n","method","B_total","B_valid","truth","mean_estimate","bias","mcse_bias","empirical_sd","mcse_empirical_sd","rmse","mcse_rmse","median_absolute_error","mcse_median_absolute_error","coverage","mcse_coverage","mean_interval_length","mcse_mean_interval_length","lower_noncoverage","mcse_lower_noncoverage","upper_noncoverage","mcse_upper_noncoverage","mean_estimated_se_fisher","mcse_mean_estimated_se_fisher","empirical_sd_fisher","se_fisher_to_empirical_fisher_sd_ratio","projection_rate","negative_variance_rate"
"S1",50,"proposed",5000,5000,0.554700196225229,0.564486185977644,0.00978598975241522,0.00279857864497,0.197889393754215,0.00211461914129623,0.198111447709144,0.00208587074410152,0.131526120291907,0.00221784508207582,0.9628,0.00267642149146953,0.766089981943134,0.00377117411638629,0.0012,0.000489603921552922,0.036,0.00263453980801202,0.356216922653299,0.00478992870111856,0.367376814986273,0.969622763664628,0.0132,4e-04
"S1",50,"naive",5000,5000,0.554700196225229,0.35438626141912,-0.200313934806109,0.00181268264798354,0.128176019252835,0.00129415736477356,0.237805547812971,0.00179822521977682,0.19556247123123,0.0024458909777268,NA,NA,NA,NA,NA,NA,NA,NA,NA,NA,NA,NA,0.0132,4e-04
"S1",50,"raw",5000,4998,0.554700196225229,0.566445436555257,0.011745240330028,0.00287508011822044,0.203258200965077,0.00246990220074691,0.203576965406904,0.00246063486952312,0.131415934309797,0.00221049289269428,NA,NA,NA,NA,NA,NA,NA,NA,NA,NA,NA,NA,0.0132,4e-04
"S1",50,"oracle_sample",5000,5000,0.554700196225229,0.55007036856224,-0.00462982766298872,0.00139224509535568,0.0984465947999715,0.00101535750175796,0.098545568066216,0.00103365617955529,0.0661150451244709,0.0011756928051916,NA,NA,NA,NA,NA,NA,NA,NA,NA,NA,NA,NA,0.0132,4e-04
"S1",100,"proposed",5000,5000,0.554700196225229,0.560673757585686,0.00597356136045731,0.00191243945591609,0.135229890788698,0.00136541991160178,0.135348252199199,0.0013570202708006,0.0891253319709087,0.00139656929160557,0.9624,0.00269021337443705,0.513832670500632,0.00139533190745893,0.006,0.00109215383531808,0.0316,0.00247392158323581,0.207511703792666,0.00224734678734133,0.220636643506141,0.940513327682538,2e-04,0
"S1",100,"naive",5000,5000,0.554700196225229,0.35691943418962,-0.197780762035609,0.00125962540178795,0.0890689663359086,0.000869176260267495,0.216907639190926,0.00127103560718585,0.195133482504785,0.00172104084411161,NA,NA,NA,NA,NA,NA,NA,NA,NA,NA,NA,NA,2e-04,0
"S1",100,"raw",5000,5000,0.554700196225229,0.560682024113771,0.00598182788854224,0.00191282190073614,0.135256933721267,0.00140060341110089,0.135375631104506,0.00139320773319709,0.0891253319709087,0.00144216212887589,NA,NA,NA,NA,NA,NA,NA,NA,NA,NA,NA,NA,2e-04,0
"S1",100,"oracle_sample",5000,5000,0.554700196225229,0.552964237810665,-0.00173595841456464,0.000971309143084564,0.068681928170359,0.000711941736353337,0.0686969967856238,0.000717998842207918,0.045838586502813,0.000668006306152512,NA,NA,NA,NA,NA,NA,NA,NA,NA,NA,NA,NA,2e-04,0
"S1",250,"proposed",5000,5000,0.554700196225229,0.557088007175296,0.00238781095006688,0.00120245799958345,0.0850266205597468,0.000837752006294776,0.0850516427807462,0.000835899891286856,0.0576488735237933,0.000912209716212852,0.9508,0.00305873699425106,0.323359305734331,0.000460731030720071,0.02,0.00197989898732233,0.0292,0.00238106530779817,0.122465604439532,0.000224765566185617,0.126603093460216,0.967319210711197,0,0
"S1",250,"naive",5000,5000,0.554700196225229,0.357802541240111,-0.196897654985118,0.000806559270479656,0.057032352958504,0.000540766520253101,0.204989573600135,0.000785727959137951,0.195581544745108,0.00114243052020868,NA,NA,NA,NA,NA,NA,NA,NA,NA,NA,NA,NA,0,0
"S1",250,"raw",5000,5000,0.554700196225229,0.557088007175296,0.00238781095006688,0.00120245799958345,0.0850266205597468,0.000821509334375051,0.0850516427807462,0.000819327360672398,0.0576488735237932,0.000940143840633125,NA,NA,NA,NA,NA,NA,NA,NA,NA,NA,NA,NA,0,0
"S1",250,"oracle_sample",5000,5000,0.554700196225229,0.554006467466021,-0.000693728759208225,0.000615898514242208,0.0435506015943385,0.000442532655161485,0.0435517718105739,0.000443054710558726,0.029606215321215,0.000430153540372407,NA,NA,NA,NA,NA,NA,NA,NA,NA,NA,NA,NA,0,0
"S1",500,"proposed",5000,5000,0.554700196225229,0.554593821952805,-0.000106374272423822,0.000831516045366142,0.058797063434382,0.000622007401503077,0.0587912796684923,0.000622181774208532,0.0383375539941138,0.00070592128238754,0.9512,0.00304691844328003,0.229339570661646,0.000226365930384258,0.0178,0.00186992834087299,0.031,0.00245108139399735,0.085431956092373,0.000101139938606479,0.0858590814282073,0.995025274802277,0,0
"S1",500,"naive",5000,5000,0.554700196225229,0.357012362618122,-0.197687833607107,0.000559442620729744,0.0395585670802776,0.00040083873891841,0.201606167588371,0.000543547466467245,0.196931380983371,0.000589386917408464,NA,NA,NA,NA,NA,NA,NA,NA,NA,NA,NA,NA,0,0
"S1",500,"raw",5000,5000,0.554700196225229,0.554593821952805,-0.000106374272423822,0.000831516045366142,0.058797063434382,0.000602020360508783,0.0587912796684923,0.000602163924663388,0.0383375539941139,0.000708269934880002,NA,NA,NA,NA,NA,NA,NA,NA,NA,NA,NA,NA,0,0
"S1",500,"oracle_sample",5000,5000,0.554700196225229,0.553874153333897,-0.000826042891331707,0.000434885310839883,0.0307510352333301,0.000316419272279184,0.0307590537817118,0.000318016058978694,0.0209034350857124,0.000364359012511613,NA,NA,NA,NA,NA,NA,NA,NA,NA,NA,NA,NA,0,0
"S2",50,"proposed",5000,5000,0.554700196225229,0.582113132704512,0.0274129364792827,0.00436223037586539,0.308456267987236,0.00321931945196323,0.309641259029185,0.00306303827997461,0.245053883518893,0.00366570672866151,0.9596,0.00278452293939195,1.39444635035364,0.00666192351429351,0,0,0.0404,0.00278452293939195,2.8060482455404,0.0611702874900199,0.656565025630129,4.27383143481841,0.2042,0.0744
"S2",50,"naive",5000,5000,0.554700196225229,0.246201291986985,-0.308498904238245,0.00192326455293303,0.135995340739466,0.00134561658426461,0.337138855180622,0.00187245946208843,0.304660280015141,0.00287118899593857,NA,NA,NA,NA,NA,NA,NA,NA,NA,NA,NA,NA,0.2042,0.0744
"S2",50,"raw",5000,4628,0.554700196225229,0.66201372423721,0.107313528011981,0.0134697085570528,0.916336264138914,0.244629310787722,0.922500357301734,0.24405375436689,0.235808244771003,0.00390378592929982,NA,NA,NA,NA,NA,NA,NA,NA,NA,NA,NA,NA,0.2042,0.0744
"S2",50,"oracle_sample",5000,5000,0.554700196225229,0.550621476578589,-0.00407871964664065,0.00142561716944278,0.100806356788896,0.00107410186295974,0.100878764557722,0.00109370186942426,0.0682801883424958,0.00112959240427896,NA,NA,NA,NA,NA,NA,NA,NA,NA,NA,NA,NA,0.2042,0.0744
"S2",100,"proposed",5000,5000,0.554700196225229,0.593075502095891,0.0383753058706615,0.00335648998822773,0.237339683166058,0.00208082141315264,0.240398675705568,0.00208515012892689,0.165538247911958,0.00269572617225315,0.9592,0.00279769047608916,1.09698202178611,0.00677607342184011,0,0,0.0408,0.00279769047608916,3.93302407225097,0.145319773067006,0.677821584242683,5.80244737506443,0.0976,0.0218
"S2",100,"naive",5000,5000,0.554700196225229,0.247203273511353,-0.307496922713877,0.00136032188419266,0.0961892828909093,0.000917118368101667,0.322187655173103,0.00133703305648705,0.305820012150719,0.00158106107493588,NA,NA,NA,NA,NA,NA,NA,NA,NA,NA,NA,NA,0.0976,0.0218
"S2",100,"raw",5000,4891,0.554700196225229,0.627307423381616,0.0726072271563872,0.00687898234361959,0.481086340512816,0.0645387784373325,0.486485925865557,0.0645524443131203,0.162168506416532,0.00265199809829956,NA,NA,NA,NA,NA,NA,NA,NA,NA,NA,NA,NA,0.0976,0.0218
"S2",100,"oracle_sample",5000,5000,0.554700196225229,0.553652588012426,-0.00104760821280336,0.000970094037483553,0.0685960072293257,0.000701903061225754,0.0685971472317303,0.000704319997835524,0.0461525240243159,0.000810192475080641,NA,NA,NA,NA,NA,NA,NA,NA,NA,NA,NA,NA,0.0976,0.0218
"S2",250,"proposed",5000,5000,0.554700196225229,0.573494518316466,0.0187943220912368,0.00223038620337533,0.157712120907162,0.00165913261011023,0.158812357835554,0.00172349840409897,0.0971457452518992,0.00153536923652898,0.9578,0.00284320804725929,0.66451074733923,0.00468721456981952,0,0,0.0422,0.00284320804725929,2.69209875740724,0.254546145606268,0.469049769749565,5.73947357195082,0.017,0.0016
"S2",250,"naive",5000,5000,0.554700196225229,0.246519089846231,-0.308181106378998,0.000864517727231757,0.0611306347381557,0.000637401672740771,0.314184343087896,0.000865733829715761,0.307862515761992,0.000972538470885441,NA,NA,NA,NA,NA,NA,NA,NA,NA,NA,NA,NA,0.017,0.0016
"S2",250,"raw",5000,4992,0.554700196225229,0.57663039340045,0.0219301971752208,0.00250854928886673,0.177239259525342,0.00702819688382424,0.178573222644665,0.00713211697436203,0.0970728409161965,0.00158487300601586,NA,NA,NA,NA,NA,NA,NA,NA,NA,NA,NA,NA,0.017,0.0016
"S2",250,"oracle_sample",5000,5000,0.554700196225229,0.552992490456862,-0.00170770576836686,0.000631677951722511,0.0446663763189016,0.000451931182392557,0.0446945457009953,0.000455746241542181,0.029610559764256,0.000480113922025598,NA,NA,NA,NA,NA,NA,NA,NA,NA,NA,NA,NA,0.017,0.0016
"S2",500,"proposed",5000,5000,0.554700196225229,0.561132226864637,0.00643203063940816,0.00152850689379289,0.108081758969134,0.00123578634540467,0.10826218779742,0.00125536163866473,0.0702520480494773,0.00119413259136987,0.9556,0.00291302729132427,0.421148101613095,0.00182826766824273,0,0,0.0444,0.00291302729132427,0.776275327036044,0.21524999606905,0.228198880995334,3.40174905174893,0.0016,0
"S2",500,"naive",5000,5000,0.554700196225229,0.246419125387622,-0.308281070837607,0.000611328929652442,0.0432274831692755,0.000433013382443263,0.311296418570583,0.000608062780701139,0.308524478801917,0.000742836467336989,NA,NA,NA,NA,NA,NA,NA,NA,NA,NA,NA,NA,0.0016,0
"S2",500,"raw",5000,5000,0.554700196225229,0.561262003027131,0.00656180680190228,0.00153697316964081,0.10868041507548,0.00136946002399494,0.108867477434539,0.00139365485558106,0.0702520480494774,0.00120819417944105,NA,NA,NA,NA,NA,NA,NA,NA,NA,NA,NA,NA,0.0016,0
"S2",500,"oracle_sample",5000,5000,0.554700196225229,0.554099119438748,-0.000601076786481411,0.000436310999943974,0.0308518466766667,0.00031278735937692,0.0308546166622618,0.000313523394276437,0.0203882235545043,0.00036639776366136,NA,NA,NA,NA,NA,NA,NA,NA,NA,NA,NA,NA,0.0016,0
"S3",50,"proposed",5000,5000,0.554700196225229,0.574383720285954,0.0196835240607249,0.00361112151403113,0.255344851026004,0.00260097042242583,0.256076929586311,0.00252103613216296,0.178245721772359,0.00320956178149269,0.9594,0.00279111590586991,1.08337797670587,0.00572690273365968,2e-04,0.0001999799989999,0.0404,0.00278452293939195,0.74244399514131,0.0144645556211791,0.529964873115142,1.4009305763554,0.0612,0.0014
"S3",50,"naive",5000,5000,0.554700196225229,0.295856787617054,-0.258843408608175,0.00192562263554208,0.136162082359812,0.00134076601083515,0.29246592080091,0.00189349244839474,0.252561315306773,0.00223560688270822,NA,NA,NA,NA,NA,NA,NA,NA,NA,NA,NA,NA,0.0612,0.0014
"S3",50,"raw",5000,4993,0.554700196225229,0.586780175782969,0.0320799795577403,0.00401457370242674,0.283674447998046,0.00513677386763951,0.285454375922684,0.00520380866804116,0.178123062571503,0.00314649171901077,NA,NA,NA,NA,NA,NA,NA,NA,NA,NA,NA,NA,0.0612,0.0014
"S3",50,"oracle_sample",5000,5000,0.554700196225229,0.550387710721957,-0.00431248550327211,0.00141394044817036,0.0999806879095204,0.00103624430070429,0.100063661028796,0.00105510284112488,0.0671090285078354,0.0010629044583131,NA,NA,NA,NA,NA,NA,NA,NA,NA,NA,NA,NA,0.0612,0.0014
"S3",100,"proposed",5000,5000,0.554700196225229,0.568220042387335,0.0135198461621059,0.00249619661428473,0.176507755313563,0.0017117802900382,0.177007183268201,0.00170333757529625,0.120291237621191,0.00195637294453042,0.9682,0.00248148181536759,0.710875011974359,0.00333121149930738,0,0,0.0318,0.00248148181536758,0.400093151959778,0.0146419689244852,0.357123610519946,1.12032120020648,0.0078,0
"S3",100,"naive",5000,5000,0.554700196225229,0.297326051335082,-0.257374144890148,0.0013211167854079,0.0934170637701302,0.000904732819838082,0.273800023578901,0.00127431939868749,0.254897853748231,0.00158984592632402,NA,NA,NA,NA,NA,NA,NA,NA,NA,NA,NA,NA,0.0078,0
"S3",100,"raw",5000,5000,0.554700196225229,0.569088649508381,0.0143884532831517,0.00253270645061804,0.179089390598693,0.00188234761922267,0.17964860926522,0.00189792604386723,0.120291237621191,0.00188133347111853,NA,NA,NA,NA,NA,NA,NA,NA,NA,NA,NA,NA,0.0078,0
"S3",100,"oracle_sample",5000,5000,0.554700196225229,0.551976438526038,-0.00272375769919107,0.000968845983512287,0.0685077564866888,0.000735373526177837,0.0685550354992512,0.000742967073068949,0.0450604845360331,0.000728129418971556,NA,NA,NA,NA,NA,NA,NA,NA,NA,NA,NA,NA,0.0078,0
"S3",250,"proposed",5000,5000,0.554700196225229,0.559756638047581,0.00505644182235231,0.00152357528463215,0.107733041541162,0.0011196214057317,0.10784087611831,0.00112363075175399,0.0731307405537527,0.00131044828705739,0.9662,0.0025556822963741,0.419507486933449,0.000762918720490902,0.005,0.000997496867163,0.0288,0.00236518751899294,0.163752026100456,0.000687252633081535,0.169659797530997,0.96517871931645,0,0
"S3",250,"naive",5000,5000,0.554700196225229,0.297114702354065,-0.257585493871164,0.000830805718956667,0.0587468357722824,0.000580549786905766,0.2641983859299,0.000821820952035778,0.257200084611848,0.00104525525330765,NA,NA,NA,NA,NA,NA,NA,NA,NA,NA,NA,NA,0,0
"S3",250,"raw",5000,5000,0.554700196225229,0.559756638047581,0.00505644182235231,0.00152357528463215,0.107733041541162,0.00110696508742132,0.10784087611831,0.00111017684777922,0.0731307405537528,0.00130865565889223,NA,NA,NA,NA,NA,NA,NA,NA,NA,NA,NA,NA,0,0
"S3",250,"oracle_sample",5000,5000,0.554700196225229,0.554214743089619,-0.000485453135609797,0.000627865839450054,0.0443968192750517,0.000449265122308417,0.0443950336296317,0.0004502140123419,0.0294956799123769,0.000440490671023223,NA,NA,NA,NA,NA,NA,NA,NA,NA,NA,NA,NA,0,0
"S3",500,"proposed",5000,5000,0.554700196225229,0.557036546824565,0.00233635059933597,0.00106134485635492,0.0750484145106023,0.000769532061903864,0.0750772708732416,0.000768689415198737,0.0504251281766974,0.000899781555936805,0.9566,0.00288154264240528,0.294523262086778,0.000321970981951332,0.0156,0.00175252047063651,0.0278,0.00232495849425318,0.111295113273442,0.000206840583844456,0.11189781858381,0.994613788561776,0,0
"S3",500,"naive",5000,5000,0.554700196225229,0.297582337033289,-0.25711785919194,0.000585335435538753,0.0413894655738233,0.000422312722506156,0.260427223535408,0.000578303047187389,0.256295142505937,0.000765568877800904,NA,NA,NA,NA,NA,NA,NA,NA,NA,NA,NA,NA,0,0
"S3",500,"raw",5000,5000,0.554700196225229,0.557036546824565,0.00233635059933597,0.00106134485635492,0.0750484145106023,0.000743633023627968,0.0750772708732416,0.000743465159519564,0.0504251281766973,0.000873810827872253,NA,NA,NA,NA,NA,NA,NA,NA,NA,NA,NA,NA,0,0
"S3",500,"oracle_sample",5000,5000,0.554700196225229,0.554247938247729,-0.000452257977500398,0.000435828937312553,0.0308177597011033,0.000313745692377651,0.0308179964210939,0.000314451611454785,0.0209791898981779,0.000354470978788843,NA,NA,NA,NA,NA,NA,NA,NA,NA,NA,NA,NA,0,0
"S4",50,"proposed",5000,5000,-0.554700196225229,-0.5744602650743,-0.0197600688490705,0.0037223636352762,0.263210856854601,0.00282632174620061,0.263925291505039,0.00273587583664615,0.184275438040652,0.00295815901390386,0.9654,0.0025846794772273,1.14506775908636,0.00587599481542046,0.0346,0.0025846794772273,0,0,0.829058376032491,0.015830622111406,0.543377978116501,1.52574894350014,0.0778,0.0032
"S4",50,"naive",5000,5000,-0.554700196225229,-0.280180794113397,0.274519402111832,0.00188094324641507,0.133002772456714,0.00135881409230971,0.305036230093269,0.0018239979240643,0.268923349112033,0.00206593754252661,NA,NA,NA,NA,NA,NA,NA,NA,NA,NA,NA,NA,0.0778,0.0032
"S4",50,"raw",5000,4984,-0.554700196225229,-0.598156226894145,-0.0434560306689154,0.00513683527902512,0.362647473715514,0.0373210543321225,0.365205736150267,0.0373919008856788,0.1840600616559,0.00291149294550755,NA,NA,NA,NA,NA,NA,NA,NA,NA,NA,NA,NA,0.0778,0.0032
"S4",50,"oracle_sample",5000,5000,-0.554700196225229,-0.55014204377534,0.00455815244988922,0.00143086538470157,0.101177461648758,0.0011437498245213,0.101269976417955,0.00117076868086832,0.0666992484407745,0.00105173776393898,NA,NA,NA,NA,NA,NA,NA,NA,NA,NA,NA,NA,0.0778,0.0032
"S4",100,"proposed",5000,5000,-0.554700196225229,-0.567095676454489,-0.0123954802292599,0.00263481952369862,0.186309875241,0.00182774644188352,0.186703174232547,0.0018249484507957,0.125707894511154,0.00202584058884574,0.9666,0.00254104073166882,0.768953013141905,0.00405760803992647,0.0334,0.00254104073166882,0,0,0.516220786842366,0.0205538125073511,0.406714394182047,1.26924641524072,0.013,2e-04
"S4",100,"naive",5000,5000,-0.554700196225229,-0.280614160636111,0.274086035589118,0.00131360917379987,0.0928861954622748,0.000916488304191217,0.289394669341634,0.00129150053361279,0.273144828757091,0.00171198152910122,NA,NA,NA,NA,NA,NA,NA,NA,NA,NA,NA,NA,0.013,2e-04
"S4",100,"raw",5000,4999,-0.554700196225229,-0.568721995850107,-0.0140217996248778,0.00270639144604949,0.191351636370296,0.00225487372461785,0.191845602117043,0.00228161851737373,0.12570641811817,0.00206370908314335,NA,NA,NA,NA,NA,NA,NA,NA,NA,NA,NA,NA,0.013,2e-04
"S4",100,"oracle_sample",5000,5000,-0.554700196225229,-0.550958236842352,0.00374195938287689,0.000993713357209164,0.070266145343825,0.000742279329418317,0.0703586950935444,0.000757712689084009,0.0476902084939,0.000909852600998958,NA,NA,NA,NA,NA,NA,NA,NA,NA,NA,NA,NA,0.013,2e-04
"S4",250,"proposed",5000,5000,-0.554700196225229,-0.559078849638925,-0.00437865341369625,0.00161910243464453,0.11448783109728,0.00121343680373114,0.1145600915781,0.00121308599429832,0.0741489222999909,0.0012918327307934,0.9634,0.00265557677350891,0.439782400905374,0.000990335765756173,0.0346,0.0025846794772273,0.002,0.000631822759957253,0.190229931854082,0.0125291425205941,0.190155389838895,1.00039200579721,4e-04,0
"S4",250,"naive",5000,5000,-0.554700196225229,-0.282680490900615,0.272019705324615,0.000821646190546572,0.0580991593071575,0.000598842113508829,0.278153837461621,0.000822270657847468,0.271145060931668,0.00109050369076125,NA,NA,NA,NA,NA,NA,NA,NA,NA,NA,NA,NA,4e-04,0
"S4",250,"raw",5000,5000,-0.554700196225229,-0.559117727772239,-0.00441753154700963,0.001621549311744,0.114660851436256,0.00127159926207246,0.114734458707424,0.00127211379141734,0.0741489222999908,0.00134945853261593,NA,NA,NA,NA,NA,NA,NA,NA,NA,NA,NA,NA,4e-04,0
"S4",250,"oracle_sample",5000,5000,-0.554700196225229,-0.553902757509452,0.000797438715777504,0.000628393974887776,0.0444341640899915,0.000465021411045074,0.0444368762166518,0.000466835172640885,0.0296960101499774,0.000457872541278178,NA,NA,NA,NA,NA,NA,NA,NA,NA,NA,NA,NA,4e-04,0
"S4",500,"proposed",5000,5000,-0.554700196225229,-0.557142197895881,-0.00244200167065147,0.00109957615865813,0.077751775821822,0.000819323885531713,0.0777823434198124,0.000817388957233036,0.0518314544482389,0.000862794018865343,0.9582,0.00283029185774188,0.307523186553272,0.000373060175487958,0.0292,0.00238106530779817,0.0126,0.00157741814367656,0.116523779228743,0.000249018149701081,0.116089975765254,1.0037367865798,0,0
"S4",500,"naive",5000,5000,-0.554700196225229,-0.283168703203503,0.271531493021726,0.000570433238328285,0.0403357211036132,0.00042320704591821,0.274510467387815,0.00057354419947065,0.270382706937017,0.000648022644862337,NA,NA,NA,NA,NA,NA,NA,NA,NA,NA,NA,NA,0,0
"S4",500,"raw",5000,5000,-0.554700196225229,-0.557142197895881,-0.00244200167065147,0.00109957615865813,0.077751775821822,0.000804923872658841,0.0777823434198124,0.000803502700616363,0.0518314544482389,0.000847929786496191,NA,NA,NA,NA,NA,NA,NA,NA,NA,NA,NA,NA,0,0
"S4",500,"oracle_sample",5000,5000,-0.554700196225229,-0.554192798212079,0.000507398013149988,0.000433943727110165,0.0306844552092962,0.00030118252526921,0.0306855819087199,0.00030158232726005,0.0208058882709067,0.000296258185371456,NA,NA,NA,NA,NA,NA,NA,NA,NA,NA,NA,NA,0,0
"S5",50,"proposed",5000,5000,0,-0.000813925593894873,-0.000813925593894873,0.00351709177319265,0.248695944287994,0.00264850682517636,0.248672405476821,0.00264891119664056,0.166564045489034,0.0031918851452728,0.9496,0.00309385972532693,0.83570140520121,0.00232300965126295,0.0242,0.00217321697030002,0.0262,0.00225891832521674,0.255103752302447,0.00329077072230705,0.276268405562095,0.923390974742165,0.0018,0.0012
"S5",50,"naive",5000,5000,0,-9.75385081284026e-05,-9.75385081284026e-05,0.0020196221476436,0.142808851603333,0.00138481842949259,0.142794603316806,0.00138512230511067,0.0973753158733456,0.00195740956151873,NA,NA,NA,NA,NA,NA,NA,NA,NA,NA,NA,NA,0.0018,0.0012
"S5",50,"raw",5000,4994,0,-0.000785176515576068,-0.000785176515576068,0.00351687048572958,0.248531043933949,0.00266428408894835,0.248507400137392,0.00266278033138887,0.166411890989876,0.00315663159508799,NA,NA,NA,NA,NA,NA,NA,NA,NA,NA,NA,NA,0.0018,0.0012
"S5",50,"oracle_sample",5000,5000,0,-0.00255952632165828,-0.00255952632165828,0.00204883180112767,0.144874286008803,0.0014278773488675,0.144882408213704,0.00142618549138895,0.0991227639674565,0.00143531523554956,NA,NA,NA,NA,NA,NA,NA,NA,NA,NA,NA,NA,0.0018,0.0012
"S5",100,"proposed",5000,5000,0,-0.00171496070466107,-0.00171496070466107,0.00237747653628306,0.168112978091766,0.00176117520257639,0.168104913962741,0.00176115536809224,0.111743286327664,0.00198324951482275,0.945,0.0032241277890307,0.606229097980911,0.0010325213941605,0.0248,0.00219931625738546,0.0302,0.00242024626846112,0.164702287510243,0.000325543291515931,0.1737391391417,0.947986091814999,0,0
"S5",100,"naive",5000,5000,0,-0.00111221612038537,-0.00111221612038537,0.00142292844321076,0.100616235133755,0.00101214703249076,0.100612320676123,0.00101197076269668,0.0676105520652259,0.00133397329854397,NA,NA,NA,NA,NA,NA,NA,NA,NA,NA,NA,NA,0,0
"S5",100,"raw",5000,5000,0,-0.00171496070466107,-0.00171496070466107,0.00237747653628306,0.168112978091766,0.00173704245016385,0.168104913962741,0.00173559534268633,0.111743286327664,0.00189554707781683,NA,NA,NA,NA,NA,NA,NA,NA,NA,NA,NA,NA,0,0
"S5",100,"oracle_sample",5000,5000,0,-0.00140205038113745,-0.00140205038113745,0.00143112377007765,0.101195732253916,0.00102522711977669,0.10119532526966,0.00102514032092536,0.068849930653021,0.00113230556790101,NA,NA,NA,NA,NA,NA,NA,NA,NA,NA,NA,NA,0,0
"S5",250,"proposed",5000,5000,0,-0.000495285191298886,-0.000495285191298886,0.00148103480292445,0.104724975232116,0.00102521417167625,0.104715673519777,0.0010242479097625,0.071322533756831,0.00123411727571183,0.946,0.00319637294444813,0.393337571170626,0.000415927919616797,0.0272,0.00230044169671826,0.0268,0.00228393344911799,0.102824666196072,0.000113668550757194,0.105911671300258,0.970853022464033,0,0
"S5",250,"naive",5000,5000,0,-0.000298268733382765,-0.000298268733382765,0.00090258460250415,0.0638223693025249,0.000632031138866254,0.0638166837798746,0.000631488738969646,0.0439067391568334,0.000723664866173896,NA,NA,NA,NA,NA,NA,NA,NA,NA,NA,NA,NA,0,0
"S5",250,"raw",5000,5000,0,-0.000495285191298885,-0.000495285191298885,0.00148103480292445,0.104724975232116,0.0010365525630383,0.104715673519777,0.00103592054079143,0.071322533756831,0.00123065957278196,NA,NA,NA,NA,NA,NA,NA,NA,NA,NA,NA,NA,0,0
"S5",250,"oracle_sample",5000,5000,0,0.000218812676823521,0.000218812676823521,0.000916988589606518,0.0648408849981457,0.000638146455015779,0.0648347698249699,0.000638216902969716,0.0440322594262538,0.000773606112862452,NA,NA,NA,NA,NA,NA,NA,NA,NA,NA,NA,NA,0,0
"S5",500,"proposed",5000,5000,0,-0.000227318445529447,-0.000227318445529447,0.00102723960430859,0.0726368090109993,0.000713554842611711,0.0726299007005476,0.000713703457550488,0.0490065395655485,0.000824668277460002,0.9502,0.00307636018697421,0.28092125462056,0.000208672655160808,0.0236,0.00214676687136727,0.0262,0.00225891832521674,0.0725288981143389,5.49015416966557e-05,0.0730238603974641,0.993221910202623,0,0
"S5",500,"naive",5000,5000,0,-0.000174693797575808,-0.000174693797575808,0.000628986453186205,0.0444760586322441,0.000440003003982661,0.0444719539195596,0.000439668020156484,0.0301920576322123,0.000473776304316563,NA,NA,NA,NA,NA,NA,NA,NA,NA,NA,NA,NA,0,0
"S5",500,"raw",5000,5000,0,-0.000227318445529445,-0.000227318445529445,0.00102723960430859,0.0726368090109993,0.000709191115778046,0.0726299007005476,0.000708851499281436,0.0490065395655485,0.000814930482445733,NA,NA,NA,NA,NA,NA,NA,NA,NA,NA,NA,NA,0,0
"S5",500,"oracle_sample",5000,5000,0,-0.000717855878540994,-0.000717855878540994,0.000633073678439308,0.0447650691015147,0.000450727677895687,0.0447663483706613,0.000450126548275665,0.0299858552243216,0.000525443683179539,NA,NA,NA,NA,NA,NA,NA,NA,NA,NA,NA,NA,0,0
"S6",50,"proposed",5000,5000,0.880471099922175,0.805968672106976,-0.0745024278151991,0.00278539602534735,0.196957241781317,0.0033913192361635,0.210558800360957,0.00395268672841941,0.0762371101233978,0.00074802338778845,0.8978,0.00428381045332307,1.62877137868772,0.00686441454276698,0,0,0.1022,0.00428381045332307,2.18842006749435,0.0236847713451128,0.535169547440697,4.08920888335271,0.4878,0.097
"S6",50,"naive",5000,5000,0.880471099922175,0.437147143430301,-0.443323956491874,0.00219417952630171,0.155151922218863,0.00157052171169339,0.469684399298107,0.00225508712337759,0.433867416226531,0.00305732163296049,NA,NA,NA,NA,NA,NA,NA,NA,NA,NA,NA,NA,0.4878,0.097
"S6",50,"raw",5000,4515,0.880471099922175,1.11572281587225,0.235251715950071,0.0160446876786495,1.07810272804353,0.111301920486435,1.10335462570728,0.11145271322768,0.238285658911472,0.00466296353316894,NA,NA,NA,NA,NA,NA,NA,NA,NA,NA,NA,NA,0.4878,0.097
"S6",50,"oracle_sample",5000,5000,0.880471099922175,0.873095299624427,-0.00737580029774835,0.000795785837286287,0.0562705561917348,0.000825689355806138,0.0567463183745045,0.000881009920071921,0.0350952305206076,0.00063686838636826,NA,NA,NA,NA,NA,NA,NA,NA,NA,NA,NA,NA,0.4878,0.097
"S6",100,"proposed",5000,5000,0.880471099922175,0.862646106530758,-0.0178249933914171,0.0021865835654134,0.154614806673487,0.00192547415120987,0.155623544762338,0.00210034045895077,0.105205139380317,0.000244964372991055,0.901,0.00422371874063603,1.52078264716379,0.00790393759108397,0,0,0.099,0.00422371874063603,5.04533068297701,0.0729467405116232,0.742952758392072,6.7909172231843,0.4058,0.0238
"S6",100,"naive",5000,5000,0.880471099922175,0.442512469102103,-0.437958630820072,0.00152785889423423,0.10803593848092,0.00109836346395874,0.451084462113743,0.00152660928233669,0.433948300302164,0.00192964924047767,NA,NA,NA,NA,NA,NA,NA,NA,NA,NA,NA,NA,0.4058,0.0238
"S6",100,"raw",5000,4881,0.880471099922175,1.02134707997787,0.140875980055698,0.00876558826480665,0.612400407546268,0.0494919429324832,0.628333880498147,0.0497345304472375,0.172272852206533,0.00309666992518643,NA,NA,NA,NA,NA,NA,NA,NA,NA,NA,NA,NA,0.4058,0.0238
"S6",100,"oracle_sample",5000,5000,0.880471099922175,0.875754174712687,-0.00471692520948854,0.000548750598089754,0.0388025269089439,0.000467869240414703,0.0390843235931277,0.000499162124711869,0.0244917038105885,0.000407215688640229,NA,NA,NA,NA,NA,NA,NA,NA,NA,NA,NA,NA,0.4058,0.0238
"S6",250,"proposed",5000,5000,0.880471099922175,0.880918097574235,0.000446997652059376,0.00164506295374215,0.116323517006984,0.00114654950567327,0.116312742997719,0.0011419941755505,0.107268428122286,0.00218991412846397,0.9148,0.0039481884453506,1.26299208150814,0.00914968649239871,0,0,0.0852,0.0039481884453506,13.7067159983805,0.286853978874215,1.0327836342093,13.271623933966,0.2862,0
"S6",250,"naive",5000,5000,0.880471099922175,0.444545831628312,-0.435925268293864,0.000985176556482541,0.0696625023754816,0.000643863984259281,0.441455244845322,0.000989698859838449,0.432955805183213,0.00131365620481154,NA,NA,NA,NA,NA,NA,NA,NA,NA,NA,NA,NA,0.2862,0
"S6",250,"raw",5000,5000,0.880471099922175,0.930634329211659,0.0501632292894834,0.00591616251563097,0.418335863340432,0.161602156016232,0.421291161965953,0.160712870250341,0.107268428122286,0.00219564938009071,NA,NA,NA,NA,NA,NA,NA,NA,NA,NA,NA,NA,0.2862,0
"S6",250,"oracle_sample",5000,5000,0.880471099922175,0.878550400952971,-0.00192069896920385,0.000339215766638683,0.0239861768875606,0.000278844259716414,0.0240605631454318,0.000289000710176282,0.0157906235613653,0.000246872066122529,NA,NA,NA,NA,NA,NA,NA,NA,NA,NA,NA,NA,0.2862,0
"S6",500,"proposed",5000,5000,0.880471099922175,0.885665308467271,0.00519420854509591,0.00130708539101582,0.0924248943577156,0.000842640111651717,0.092561506184944,0.000816819331861647,0.0745406799511966,0.0011512160746368,0.925,0.00372491610643783,0.987627008628907,0.00952090240415447,0,0,0.075,0.00372491610643784,24.3007509522129,0.707164662498174,1.12851040589631,21.533475300932,0.1796,0
"S6",500,"naive",5000,5000,0.880471099922175,0.44621881074079,-0.434252289181385,0.000681457877843188,0.0481863486515912,0.000493047434082459,0.436917052163001,0.000680721973630574,0.432606409185822,0.000901389546619363,NA,NA,NA,NA,NA,NA,NA,NA,NA,NA,NA,NA,0.1796,0
"S6",500,"raw",5000,5000,0.880471099922175,0.900061539781957,0.0195904398597818,0.00167490836468519,0.118433906253497,0.00181860799122511,0.120031538215303,0.00189753886089746,0.0745406799511966,0.00117190951661899,NA,NA,NA,NA,NA,NA,NA,NA,NA,NA,NA,NA,0.1796,0
"S6",500,"oracle_sample",5000,5000,0.880471099922175,0.879805426764503,-0.000665673157672331,0.000232772306209984,0.0164594876193511,0.000172525640253177,0.0164712983853089,0.000175109843344163,0.0108953777011245,0.000186348947204619,NA,NA,NA,NA,NA,NA,NA,NA,NA,NA,NA,NA,0.1796,0
